{"train/loss": 0.1486, "train/learning_rate": 1.3548788067122437e-06, "train/epoch": 2.0, "train/global_step": 3218, "_timestamp": 1685288291.7303953, "_runtime": 480.46112036705017, "_step": 8, "eval/loss": 0.7127870321273804, "eval/accuracy": 0.8254743565658463, "eval/runtime": 11.6679, "eval/samples_per_second": 456.209, "eval/steps_per_second": 28.54, "train/train_runtime": 487.1588, "train/train_samples_per_second": 105.629, "train/train_steps_per_second": 6.606, "train/total_flos": 2907745106094480.0, "train/train_loss": 0.205665705143257, "_wandb": {"runtime": 454}}